scraped_at,player_name,player_page_url,age_if_found
2026-04-16T14:33:50Z,Adrian Mannarino,https://www.tennisabstract.com/cgi-bin/player.cgi?p=105173/Adrian-Mannarino,
2026-04-16T14:33:50Z,Alejandro Tabilo,https://www.tennisabstract.com/cgi-bin/player.cgi?p=126214/Alejandro-Tabilo,
2026-04-16T14:33:50Z,Alex De Minaur,https://www.tennisabstract.com/cgi-bin/player.cgi?p=200282/Alex-De-Minaur,
2026-04-16T14:33:50Z,Alex Michelsen,https://www.tennisabstract.com/cgi-bin/player.cgi?p=210506/Alex-Michelsen,
2026-04-16T14:33:50Z,Alex Molcan,https://www.tennisabstract.com/cgi-bin/player.cgi?p=144684/Alex-Molcan,
2026-04-16T14:33:50Z,Alexander Blockx,https://www.tennisabstract.com/cgi-bin/player.cgi?p=210696/Alexander-Blockx,
2026-04-16T14:33:50Z,Alexander Bublik,https://www.tennisabstract.com/cgi-bin/player.cgi?p=122330/Alexander-Bublik,
2026-04-16T14:33:50Z,Alexander Zverev,https://www.tennisabstract.com/cgi-bin/player.cgi?p=100644/Alexander-Zverev,
2026-04-16T14:33:50Z,Andrey Rublev,https://www.tennisabstract.com/cgi-bin/player.cgi?p=126094/Andrey-Rublev,
2026-04-16T14:33:50Z,Arthur Fils,https://www.tennisabstract.com/cgi-bin/player.cgi?p=209950/Arthur-Fils,
2026-04-16T14:33:50Z,Arthur Rinderknech,https://www.tennisabstract.com/cgi-bin/player.cgi?p=126239/Arthur-Rinderknech,
2026-04-16T14:33:50Z,Ben Shelton,https://www.tennisabstract.com/cgi-bin/player.cgi?p=210097/Ben-Shelton,
2026-04-16T14:33:50Z,Botic Van De Zandschulp,https://www.tennisabstract.com/cgi-bin/player.cgi?p=122298/Botic-Van-De-Zandschulp,
2026-04-16T14:33:50Z,Brandon Nakashima,https://www.tennisabstract.com/cgi-bin/player.cgi?p=206909/Brandon-Nakashima,
2026-04-16T14:33:50Z,Cameron Norrie,https://www.tennisabstract.com/cgi-bin/player.cgi?p=111815/Cameron-Norrie,
2026-04-16T14:33:50Z,Camilo Ugo Carabelli,https://www.tennisabstract.com/cgi-bin/player.cgi?p=200116/Camilo-Ugo-Carabelli,
2026-04-16T14:33:50Z,Carlos Alcaraz,https://www.tennisabstract.com/cgi-bin/player.cgi?p=207989/Carlos-Alcaraz,
2026-04-16T14:33:50Z,Corentin Moutet,https://www.tennisabstract.com/cgi-bin/player.cgi?p=144895/Corentin-Moutet,
2026-04-16T14:33:50Z,Daniel Altmaier,https://www.tennisabstract.com/cgi-bin/player.cgi?p=127157/Daniel-Altmaier,
2026-04-16T14:33:50Z,Denis Shapovalov,https://www.tennisabstract.com/cgi-bin/player.cgi?p=133430/Denis-Shapovalov,
2026-04-16T14:33:50Z,Diego Dedura Palomero,https://www.tennisabstract.com/cgi-bin/player.cgi?p=212309/Diego-Dedura-Palomero,
2026-04-16T14:33:50Z,Emilio Nava,https://www.tennisabstract.com/cgi-bin/player.cgi?p=207182/Emilio-Nava,
2026-04-16T14:33:50Z,Ethan Quinn,https://www.tennisabstract.com/cgi-bin/player.cgi?p=210319/Ethan-Quinn,
2026-04-16T14:33:50Z,Fabian Marozsan,https://www.tennisabstract.com/cgi-bin/player.cgi?p=206681/Fabian-Marozsan,
2026-04-16T14:33:50Z,Flavio Cobolli,https://www.tennisabstract.com/cgi-bin/player.cgi?p=207925/Flavio-Cobolli,
2026-04-16T14:33:50Z,Francisco Cerundolo,https://www.tennisabstract.com/cgi-bin/player.cgi?p=202103/Francisco-Cerundolo,
2026-04-16T14:33:50Z,Gabriel Diallo,https://www.tennisabstract.com/cgi-bin/player.cgi?p=209113/Gabriel-Diallo,
2026-04-16T14:33:50Z,Hamad Medjedovic,https://www.tennisabstract.com/cgi-bin/player.cgi?p=209098/Hamad-Medjedovic,
2026-04-16T14:33:50Z,Ignacio Buse,https://www.tennisabstract.com/cgi-bin/player.cgi?p=209860/Ignacio-Buse,
2026-04-16T14:33:50Z,Jack Draper,https://www.tennisabstract.com/cgi-bin/player.cgi?p=207733/Jack-Draper,
2026-04-16T14:33:50Z,Jaume Munar,https://www.tennisabstract.com/cgi-bin/player.cgi?p=144719/Jaume-Munar,
2026-04-16T14:33:50Z,Joao Fonseca,https://www.tennisabstract.com/cgi-bin/player.cgi?p=211663/Joao-Fonseca,
2026-04-16T14:33:50Z,Juan Manuel Cerundolo,https://www.tennisabstract.com/cgi-bin/player.cgi?p=207678/Juan-Manuel-Cerundolo,
2026-04-16T14:33:50Z,Justin Engel,https://www.tennisabstract.com/cgi-bin/player.cgi?p=211514/Justin-Engel,
2026-04-16T14:33:50Z,Karen Khachanov,https://www.tennisabstract.com/cgi-bin/player.cgi?p=111575/Karen-Khachanov,
2026-04-16T14:33:50Z,Lorenzo Musetti,https://www.tennisabstract.com/cgi-bin/player.cgi?p=207518/Lorenzo-Musetti,
2026-04-16T14:33:50Z,Lorenzo Sonego,https://www.tennisabstract.com/cgi-bin/player.cgi?p=132283/Lorenzo-Sonego,
2026-04-16T14:33:50Z,Luciano Darderi,https://www.tennisabstract.com/cgi-bin/player.cgi?p=209260/Luciano-Darderi,
2026-04-16T14:33:50Z,Marc Andrea Huesler,https://www.tennisabstract.com/cgi-bin/player.cgi?p=144817/Marc-Andrea-Huesler,
2026-04-16T14:33:50Z,Marco Trungelliti,https://www.tennisabstract.com/cgi-bin/player.cgi?p=105477/Marco-Trungelliti,
2026-04-16T14:33:50Z,Mariano Navone,https://www.tennisabstract.com/cgi-bin/player.cgi?p=208363/Mariano-Navone,
2026-04-16T14:33:50Z,Marin Cilic,https://www.tennisabstract.com/cgi-bin/player.cgi?p=105227/Marin-Cilic,
2026-04-16T14:33:50Z,Marko Topo,https://www.tennisabstract.com/cgi-bin/player.cgi?p=209916/Marko-Topo,
2026-04-16T14:33:50Z,Martin Landaluce,https://www.tennisabstract.com/cgi-bin/player.cgi?p=212021/Martin-Landaluce,
2026-04-16T14:33:50Z,Miomir Kecmanovic,https://www.tennisabstract.com/cgi-bin/player.cgi?p=200175/Miomir-Kecmanovic,
2026-04-16T14:33:50Z,Nuno Borges,https://www.tennisabstract.com/cgi-bin/player.cgi?p=132686/Nuno-Borges,
2026-04-16T14:33:50Z,Otto Virtanen,https://www.tennisabstract.com/cgi-bin/player.cgi?p=202261/Otto-Virtanen,
2026-04-16T14:33:50Z,Pedro Martinez,https://www.tennisabstract.com/cgi-bin/player.cgi?p=124079/Pedro-Martinez,
2026-04-16T14:33:50Z,Rafael Jodar,https://www.tennisabstract.com/cgi-bin/player.cgi?p=212588/Rafael-Jodar,
2026-04-16T14:33:50Z,Reilly Opelka,https://www.tennisabstract.com/cgi-bin/player.cgi?p=124187/Reilly-Opelka,
2026-04-16T14:33:50Z,Sebastian Baez,https://www.tennisabstract.com/cgi-bin/player.cgi?p=202104/Sebastian-Baez,
2026-04-16T14:33:50Z,Sebastian Ofner,https://www.tennisabstract.com/cgi-bin/player.cgi?p=124116/Sebastian-Ofner,
2026-04-16T14:33:50Z,Stan Wawrinka,https://www.tennisabstract.com/cgi-bin/player.cgi?p=104527/Stan-Wawrinka,
2026-04-16T14:33:50Z,Stefanos Tsitsipas,https://www.tennisabstract.com/cgi-bin/player.cgi?p=126774/Stefanos-Tsitsipas,
2026-04-16T14:33:50Z,Sumit Nagal,https://www.tennisabstract.com/cgi-bin/player.cgi?p=111576/Sumit-Nagal,
2026-04-16T14:33:50Z,Tallon Griekspoor,https://www.tennisabstract.com/cgi-bin/player.cgi?p=134868/Tallon-Griekspoor,
2026-04-16T14:33:50Z,Terence Atmane,https://www.tennisabstract.com/cgi-bin/player.cgi?p=209279/Terence-Atmane,
2026-04-16T14:33:50Z,Tomas Machac,https://www.tennisabstract.com/cgi-bin/player.cgi?p=207830/Tomas-Machac,
2026-04-16T14:33:50Z,Tomas Martin Etcheverry,https://www.tennisabstract.com/cgi-bin/player.cgi?p=144869/Tomas-Martin-Etcheverry,
2026-04-16T14:33:50Z,Vit Kopriva,https://www.tennisabstract.com/cgi-bin/player.cgi?p=200240/Vit-Kopriva,
2026-04-16T14:33:50Z,Vitaliy Sachko,https://www.tennisabstract.com/cgi-bin/player.cgi?p=126964/Vitaliy-Sachko,
2026-04-16T14:33:50Z,Yannick Hanfmann,https://www.tennisabstract.com/cgi-bin/player.cgi?p=105870/Yannick-Hanfmann,
2026-04-16T14:33:50Z,Zhizhen Zhang,https://www.tennisabstract.com/cgi-bin/player.cgi?p=111190/Zhizhen-Zhang,
2026-04-16T14:33:50Z,Zizou Bergs,https://www.tennisabstract.com/cgi-bin/player.cgi?p=200267/Zizou-Bergs,
