player_name,normalized_name,player_page_url,discovered_from_url,scraped_at
,kevin krawietz,https://www.tennisabstract.com/cgi-bin/player.cgi?p=105906/Kevin-Krawietz,https://www.tennisabstract.com/current/2026ATPMunich.html,2026-04-16T14:33:50Z
,tim puetz,https://www.tennisabstract.com/cgi-bin/player.cgi?p=105047/Tim-Puetz,https://www.tennisabstract.com/current/2026ATPMunich.html,2026-04-16T14:33:50Z
,ryan seggerman,https://www.tennisabstract.com/cgi-bin/player.cgi?p=202342/Ryan-Seggerman,https://www.tennisabstract.com/current/2026ATPMunich.html,2026-04-16T14:33:50Z
,andre goransson,https://www.tennisabstract.com/cgi-bin/player.cgi?p=122585/Andre-Goransson,https://www.tennisabstract.com/current/2026ATPMunich.html,2026-04-16T14:33:50Z
,evan king,https://www.tennisabstract.com/cgi-bin/player.cgi?p=105960/Evan-King,https://www.tennisabstract.com/current/2026ATPMunich.html,2026-04-16T14:33:50Z
,sander arends,https://www.tennisabstract.com/cgi-bin/player.cgi?p=122644/Sander-Arends,https://www.tennisabstract.com/current/2026ATPMunich.html,2026-04-16T14:33:50Z
,david pel,https://www.tennisabstract.com/cgi-bin/player.cgi?p=105801/David-Pel,https://www.tennisabstract.com/current/2026ATPMunich.html,2026-04-16T14:33:50Z
,robert galloway,https://www.tennisabstract.com/cgi-bin/player.cgi?p=200415/Robert-Galloway,https://www.tennisabstract.com/current/2026ATPMunich.html,2026-04-16T14:33:50Z
,john peers,https://www.tennisabstract.com/cgi-bin/player.cgi?p=105188/John-Peers,https://www.tennisabstract.com/current/2026ATPMunich.html,2026-04-16T14:33:50Z
,alexander erler,https://www.tennisabstract.com/cgi-bin/player.cgi?p=126623/Alexander-Erler,https://www.tennisabstract.com/current/2026ATPMunich.html,2026-04-16T14:33:50Z
,jan zielinski,https://www.tennisabstract.com/cgi-bin/player.cgi?p=126591/Jan-Zielinski,https://www.tennisabstract.com/current/2026ATPMunich.html,2026-04-16T14:33:50Z
,lucas miedler,https://www.tennisabstract.com/cgi-bin/player.cgi?p=111192/Lucas-Miedler,https://www.tennisabstract.com/current/2026ATPMunich.html,2026-04-16T14:33:50Z
,albano olivetti,https://www.tennisabstract.com/cgi-bin/player.cgi?p=105874/Albano-Olivetti,https://www.tennisabstract.com/current/2026ATPMunich.html,2026-04-16T14:33:50Z
,theo arribage,https://www.tennisabstract.com/cgi-bin/player.cgi?p=208136/Theo-Arribage,https://www.tennisabstract.com/current/2026ATPMunich.html,2026-04-16T14:33:50Z
,luke johnson,https://www.tennisabstract.com/cgi-bin/player.cgi?p=123854/Luke-Johnson,https://www.tennisabstract.com/current/2026ATPMunich.html,2026-04-16T14:33:50Z
,rafael matos,https://www.tennisabstract.com/cgi-bin/player.cgi?p=122425/Rafael-Matos,https://www.tennisabstract.com/current/2026ATPMunich.html,2026-04-16T14:33:50Z
,orlando luz,https://www.tennisabstract.com/cgi-bin/player.cgi?p=126197/Orlando-Luz,https://www.tennisabstract.com/current/2026ATPMunich.html,2026-04-16T14:33:50Z
,alexander blockx,https://www.tennisabstract.com/cgi-bin/player.cgi?p=210696/Alexander-Blockx,https://www.tennisabstract.com/current/2026ATPMunich.html,2026-04-16T14:33:50Z
,marcelo melo,https://www.tennisabstract.com/cgi-bin/player.cgi?p=104249/Marcelo-Melo,https://www.tennisabstract.com/current/2026ATPMunich.html,2026-04-16T14:33:50Z
,sadio doumbia,https://www.tennisabstract.com/cgi-bin/player.cgi?p=120775/Sadio-Doumbia,https://www.tennisabstract.com/current/2026ATPMunich.html,2026-04-16T14:33:50Z
,fabien reboul,https://www.tennisabstract.com/cgi-bin/player.cgi?p=126512/Fabien-Reboul,https://www.tennisabstract.com/current/2026ATPMunich.html,2026-04-16T14:33:50Z
,yuki bhambri,https://www.tennisabstract.com/cgi-bin/player.cgi?p=106026/Yuki-Bhambri,https://www.tennisabstract.com/current/2026ATPMunich.html,2026-04-16T14:33:50Z
,michael venus,https://www.tennisabstract.com/cgi-bin/player.cgi?p=105030/Michael-Venus,https://www.tennisabstract.com/current/2026ATPMunich.html,2026-04-16T14:33:50Z
,jakob schnaitter,https://www.tennisabstract.com/cgi-bin/player.cgi?p=134383/Jakob-Schnaitter,https://www.tennisabstract.com/current/2026ATPMunich.html,2026-04-16T14:33:50Z
,mark wallner,https://www.tennisabstract.com/cgi-bin/player.cgi?p=211611/Mark-Wallner,https://www.tennisabstract.com/current/2026ATPMunich.html,2026-04-16T14:33:50Z
,max hans rehberg,https://www.tennisabstract.com/cgi-bin/player.cgi?p=208819/Max-Hans-Rehberg,https://www.tennisabstract.com/current/2026ATPMunich.html,2026-04-16T14:33:50Z
,alexander shevchenko,https://www.tennisabstract.com/cgi-bin/player.cgi?p=207686/Alexander-Shevchenko,https://www.tennisabstract.com/current/2026ATPMunich.html,2026-04-16T14:33:50Z
,lorenzo giustino,https://www.tennisabstract.com/cgi-bin/player.cgi?p=105841/Lorenzo-Giustino,https://www.tennisabstract.com/current/2026ATPMunich.html,2026-04-16T14:33:50Z
,damir dzumhur,https://www.tennisabstract.com/cgi-bin/player.cgi?p=106000/Damir-Dzumhur,https://www.tennisabstract.com/current/2026ATPMunich.html,2026-04-16T14:33:50Z
,arthur fery,https://www.tennisabstract.com/cgi-bin/player.cgi?p=209259/Arthur-Fery,https://www.tennisabstract.com/current/2026ATPMunich.html,2026-04-16T14:33:50Z
,david goffin,https://www.tennisabstract.com/cgi-bin/player.cgi?p=105676/David-Goffin,https://www.tennisabstract.com/current/2026ATPMunich.html,2026-04-16T14:33:50Z
,roberto carballes baena,https://www.tennisabstract.com/cgi-bin/player.cgi?p=106148/Roberto-Carballes-Baena,https://www.tennisabstract.com/current/2026ATPMunich.html,2026-04-16T14:33:50Z
,jan choinski,https://www.tennisabstract.com/cgi-bin/player.cgi?p=123828/Jan-Choinski,https://www.tennisabstract.com/current/2026ATPMunich.html,2026-04-16T14:33:50Z
,ugo blanchet,https://www.tennisabstract.com/cgi-bin/player.cgi?p=200259/Ugo-Blanchet,https://www.tennisabstract.com/current/2026ATPMunich.html,2026-04-16T14:33:50Z
,santiago gonzalez,https://www.tennisabstract.com/cgi-bin/player.cgi?p=104136/Santiago-Gonzalez,https://www.tennisabstract.com/current/2026ATPMunich.html,2026-04-16T14:33:50Z
,petr nouza,https://www.tennisabstract.com/cgi-bin/player.cgi?p=202227/Petr-Nouza,https://www.tennisabstract.com/current/2026ATPMunich.html,2026-04-16T14:33:50Z
,bart stevens,https://www.tennisabstract.com/cgi-bin/player.cgi?p=202161/Bart-Stevens,https://www.tennisabstract.com/current/2026ATPMunich.html,2026-04-16T14:33:50Z
Yannick Hanfmann,yannick hanfmann,https://www.tennisabstract.com/cgi-bin/player.cgi?p=105870/Yannick-Hanfmann,https://www.tennisabstract.com/current/2026ATPMunich.html,2026-04-16T14:33:50Z
Carlos Alcaraz,carlos alcaraz,https://www.tennisabstract.com/cgi-bin/player.cgi?p=207989/Carlos-Alcaraz,https://www.tennisabstract.com/current/2026ATPBarcelona.html,2026-04-16T14:33:50Z
Emilio Nava,emilio nava,https://www.tennisabstract.com/cgi-bin/player.cgi?p=207182/Emilio-Nava,https://www.tennisabstract.com/current/2026ATPMunich.html,2026-04-16T14:33:50Z
Joao Fonseca,joao fonseca,https://www.tennisabstract.com/cgi-bin/player.cgi?p=211663/Joao-Fonseca,https://www.tennisabstract.com/current/2026ATPMunich.html,2026-04-16T14:33:50Z
Ben Shelton,ben shelton,https://www.tennisabstract.com/cgi-bin/player.cgi?p=210097/Ben-Shelton,https://www.tennisabstract.com/current/2026ATPMunich.html,2026-04-16T14:33:50Z
,alejandro tabilo,https://www.tennisabstract.com/cgi-bin/player.cgi?p=126214/Alejandro-Tabilo,https://www.tennisabstract.com/current/2026ATPMunich.html,2026-04-16T14:33:50Z
,alex michelsen,https://www.tennisabstract.com/cgi-bin/player.cgi?p=210506/Alex-Michelsen,https://www.tennisabstract.com/current/2026ATPMunich.html,2026-04-16T14:33:50Z
,arthur rinderknech,https://www.tennisabstract.com/cgi-bin/player.cgi?p=126239/Arthur-Rinderknech,https://www.tennisabstract.com/current/2026ATPMunich.html,2026-04-16T14:33:50Z
,ignacio buse,https://www.tennisabstract.com/cgi-bin/player.cgi?p=209860/Ignacio-Buse,https://www.tennisabstract.com/current/2026ATPBarcelona.html,2026-04-16T14:33:50Z
,corentin moutet,https://www.tennisabstract.com/cgi-bin/player.cgi?p=144895/Corentin-Moutet,https://www.tennisabstract.com/current/2026ATPBarcelona.html,2026-04-16T14:33:50Z
,martin landaluce,https://www.tennisabstract.com/cgi-bin/player.cgi?p=212021/Martin-Landaluce,https://www.tennisabstract.com/current/2026ATPBarcelona.html,2026-04-16T14:33:50Z
,lorenzo musetti,https://www.tennisabstract.com/cgi-bin/player.cgi?p=207518/Lorenzo-Musetti,https://www.tennisabstract.com/current/2026ATPBarcelona.html,2026-04-16T14:33:50Z
,pierre hugues herbert,https://www.tennisabstract.com/cgi-bin/player.cgi?p=105732/Pierre-Hugues-Herbert,https://www.tennisabstract.com/current/2026ATPBarcelona.html,2026-04-16T14:33:50Z
,andrea vavassori,https://www.tennisabstract.com/cgi-bin/player.cgi?p=131934/Andrea-Vavassori,https://www.tennisabstract.com/current/2026ATPBarcelona.html,2026-04-16T14:33:50Z
,marcelo arevalo,https://www.tennisabstract.com/cgi-bin/player.cgi?p=105656/Marcelo-Arevalo,https://www.tennisabstract.com/current/2026ATPBarcelona.html,2026-04-16T14:33:50Z
,mate pavic,https://www.tennisabstract.com/cgi-bin/player.cgi?p=106207/Mate-Pavic,https://www.tennisabstract.com/current/2026ATPBarcelona.html,2026-04-16T14:33:50Z
,guido andreozzi,https://www.tennisabstract.com/cgi-bin/player.cgi?p=105819/Guido-Andreozzi,https://www.tennisabstract.com/current/2026ATPBarcelona.html,2026-04-16T14:33:50Z
,manuel guinard,https://www.tennisabstract.com/cgi-bin/player.cgi?p=131905/Manuel-Guinard,https://www.tennisabstract.com/current/2026ATPBarcelona.html,2026-04-16T14:33:50Z
,juan manuel cerundolo,https://www.tennisabstract.com/cgi-bin/player.cgi?p=207678/Juan-Manuel-Cerundolo,https://www.tennisabstract.com/current/2026ATPBarcelona.html,2026-04-16T14:33:50Z
,robert cash,https://www.tennisabstract.com/cgi-bin/player.cgi?p=207901/Robert-Cash,https://www.tennisabstract.com/current/2026ATPBarcelona.html,2026-04-16T14:33:50Z
,julian cash,https://www.tennisabstract.com/cgi-bin/player.cgi?p=126108/Julian-Cash,https://www.tennisabstract.com/current/2026ATPBarcelona.html,2026-04-16T14:33:50Z
,lloyd glasspool,https://www.tennisabstract.com/cgi-bin/player.cgi?p=106266/Lloyd-Glasspool,https://www.tennisabstract.com/current/2026ATPBarcelona.html,2026-04-16T14:33:50Z
,hugo nys,https://www.tennisabstract.com/cgi-bin/player.cgi?p=105714/Hugo-Nys,https://www.tennisabstract.com/current/2026ATPBarcelona.html,2026-04-16T14:33:50Z
,edouard roger vasselin,https://www.tennisabstract.com/cgi-bin/player.cgi?p=104273/Edouard-Roger-Vasselin,https://www.tennisabstract.com/current/2026ATPBarcelona.html,2026-04-16T14:33:50Z
,adam pavlasek,https://www.tennisabstract.com/cgi-bin/player.cgi?p=106361/Adam-Pavlasek,https://www.tennisabstract.com/current/2026ATPBarcelona.html,2026-04-16T14:33:50Z
,patrik rikl,https://www.tennisabstract.com/cgi-bin/player.cgi?p=144924/Patrik-Rikl,https://www.tennisabstract.com/current/2026ATPBarcelona.html,2026-04-16T14:33:50Z
,maximo gonzalez,https://www.tennisabstract.com/cgi-bin/player.cgi?p=104216/Maximo-Gonzalez,https://www.tennisabstract.com/current/2026ATPBarcelona.html,2026-04-16T14:33:50Z
,andres molteni,https://www.tennisabstract.com/cgi-bin/player.cgi?p=105120/Andres-Molteni,https://www.tennisabstract.com/current/2026ATPBarcelona.html,2026-04-16T14:33:50Z
,daniel merida aguilar,https://www.tennisabstract.com/cgi-bin/player.cgi?p=210017/Daniel-Merida-Aguilar,https://www.tennisabstract.com/current/2026ATPBarcelona.html,2026-04-16T14:33:50Z
,jesper de jong,https://www.tennisabstract.com/cgi-bin/player.cgi?p=207411/Jesper-De-Jong,https://www.tennisabstract.com/current/2026ATPBarcelona.html,2026-04-16T14:33:50Z
,james tracy,https://www.tennisabstract.com/cgi-bin/player.cgi?p=210370/James-Tracy,https://www.tennisabstract.com/current/2026ATPBarcelona.html,2026-04-16T14:33:50Z
,brandon nakashima,https://www.tennisabstract.com/cgi-bin/player.cgi?p=206909/Brandon-Nakashima,https://www.tennisabstract.com/current/2026ATPBarcelona.html,2026-04-16T14:33:50Z
,terence atmane,https://www.tennisabstract.com/cgi-bin/player.cgi?p=209279/Terence-Atmane,https://www.tennisabstract.com/current/2026ATPBarcelona.html,2026-04-16T14:33:50Z
,arthur fils,https://www.tennisabstract.com/cgi-bin/player.cgi?p=209950/Arthur-Fils,https://www.tennisabstract.com/current/2026ATPBarcelona.html,2026-04-16T14:33:50Z
,otto virtanen,https://www.tennisabstract.com/cgi-bin/player.cgi?p=202261/Otto-Virtanen,https://www.tennisabstract.com/current/2026ATPBarcelona.html,2026-04-16T14:33:50Z
,tomas machac,https://www.tennisabstract.com/cgi-bin/player.cgi?p=207830/Tomas-Machac,https://www.tennisabstract.com/current/2026ATPBarcelona.html,2026-04-16T14:33:50Z
,sebastian baez,https://www.tennisabstract.com/cgi-bin/player.cgi?p=202104/Sebastian-Baez,https://www.tennisabstract.com/current/2026ATPBarcelona.html,2026-04-16T14:33:50Z
,pedro martinez,https://www.tennisabstract.com/cgi-bin/player.cgi?p=124079/Pedro-Martinez,https://www.tennisabstract.com/current/2026ATPBarcelona.html,2026-04-16T14:33:50Z
,lorenzo sonego,https://www.tennisabstract.com/cgi-bin/player.cgi?p=132283/Lorenzo-Sonego,https://www.tennisabstract.com/current/2026ATPBarcelona.html,2026-04-16T14:33:50Z
,mariano navone,https://www.tennisabstract.com/cgi-bin/player.cgi?p=208363/Mariano-Navone,https://www.tennisabstract.com/current/2026ATPBarcelona.html,2026-04-16T14:33:50Z
,andrey rublev,https://www.tennisabstract.com/cgi-bin/player.cgi?p=126094/Andrey-Rublev,https://www.tennisabstract.com/current/2026ATPBarcelona.html,2026-04-16T14:33:50Z
,alex de minaur,https://www.tennisabstract.com/cgi-bin/player.cgi?p=200282/Alex-De-Minaur,https://www.tennisabstract.com/current/2026ATPBarcelona.html,2026-04-16T14:33:50Z
,sebastian ofner,https://www.tennisabstract.com/cgi-bin/player.cgi?p=124116/Sebastian-Ofner,https://www.tennisabstract.com/current/2026ATPBarcelona.html,2026-04-16T14:33:50Z
,marco trungelliti,https://www.tennisabstract.com/cgi-bin/player.cgi?p=105477/Marco-Trungelliti,https://www.tennisabstract.com/current/2026ATPBarcelona.html,2026-04-16T14:33:50Z
,hamad medjedovic,https://www.tennisabstract.com/cgi-bin/player.cgi?p=209098/Hamad-Medjedovic,https://www.tennisabstract.com/current/2026ATPBarcelona.html,2026-04-16T14:33:50Z
,nuno borges,https://www.tennisabstract.com/cgi-bin/player.cgi?p=132686/Nuno-Borges,https://www.tennisabstract.com/current/2026ATPBarcelona.html,2026-04-16T14:33:50Z
,adrian mannarino,https://www.tennisabstract.com/cgi-bin/player.cgi?p=105173/Adrian-Mannarino,https://www.tennisabstract.com/current/2026ATPBarcelona.html,2026-04-16T14:33:50Z
,tomas martin etcheverry,https://www.tennisabstract.com/cgi-bin/player.cgi?p=144869/Tomas-Martin-Etcheverry,https://www.tennisabstract.com/current/2026ATPBarcelona.html,2026-04-16T14:33:50Z
,jack draper,https://www.tennisabstract.com/cgi-bin/player.cgi?p=207733/Jack-Draper,https://www.tennisabstract.com/current/2026ATPBarcelona.html,2026-04-16T14:33:50Z
,cameron norrie,https://www.tennisabstract.com/cgi-bin/player.cgi?p=111815/Cameron-Norrie,https://www.tennisabstract.com/current/2026ATPBarcelona.html,2026-04-16T14:33:50Z
,stan wawrinka,https://www.tennisabstract.com/cgi-bin/player.cgi?p=104527/Stan-Wawrinka,https://www.tennisabstract.com/current/2026ATPBarcelona.html,2026-04-16T14:33:50Z
,reilly opelka,https://www.tennisabstract.com/cgi-bin/player.cgi?p=124187/Reilly-Opelka,https://www.tennisabstract.com/current/2026ATPBarcelona.html,2026-04-16T14:33:50Z
,ethan quinn,https://www.tennisabstract.com/cgi-bin/player.cgi?p=210319/Ethan-Quinn,https://www.tennisabstract.com/current/2026ATPBarcelona.html,2026-04-16T14:33:50Z
,jaume munar,https://www.tennisabstract.com/cgi-bin/player.cgi?p=144719/Jaume-Munar,https://www.tennisabstract.com/current/2026ATPBarcelona.html,2026-04-16T14:33:50Z
,rafael jodar,https://www.tennisabstract.com/cgi-bin/player.cgi?p=212588/Rafael-Jodar,https://www.tennisabstract.com/current/2026ATPBarcelona.html,2026-04-16T14:33:50Z
,camilo ugo carabelli,https://www.tennisabstract.com/cgi-bin/player.cgi?p=200116/Camilo-Ugo-Carabelli,https://www.tennisabstract.com/current/2026ATPBarcelona.html,2026-04-16T14:33:50Z
,karen khachanov,https://www.tennisabstract.com/cgi-bin/player.cgi?p=111575/Karen-Khachanov,https://www.tennisabstract.com/current/2026ATPBarcelona.html,2026-04-16T14:33:50Z
,patrick kypson,https://www.tennisabstract.com/cgi-bin/player.cgi?p=200516/Patrick-Kypson,https://www.tennisabstract.com/current/2026ATPBarcelona.html,2026-04-16T14:33:50Z
,quentin halys,https://www.tennisabstract.com/cgi-bin/player.cgi?p=111460/Quentin-Halys,https://www.tennisabstract.com/current/2026ATPBarcelona.html,2026-04-16T14:33:50Z
,alexandre muller,https://www.tennisabstract.com/cgi-bin/player.cgi?p=124186/Alexandre-Muller,https://www.tennisabstract.com/current/2026ATPBarcelona.html,2026-04-16T14:33:50Z
,nikoloz basilashvili,https://www.tennisabstract.com/cgi-bin/player.cgi?p=105932/Nikoloz-Basilashvili,https://www.tennisabstract.com/current/2026ATPBarcelona.html,2026-04-16T14:33:50Z
,miomir kecmanovic,https://www.tennisabstract.com/cgi-bin/player.cgi?p=200175/Miomir-Kecmanovic,https://www.tennisabstract.com/current/2026ATPMunich.html,2026-04-16T14:33:50Z
,gabriel diallo,https://www.tennisabstract.com/cgi-bin/player.cgi?p=209113/Gabriel-Diallo,https://www.tennisabstract.com/current/2026ATPMunich.html,2026-04-16T14:33:50Z
,vitaliy sachko,https://www.tennisabstract.com/cgi-bin/player.cgi?p=126964/Vitaliy-Sachko,https://www.tennisabstract.com/current/2026ATPMunich.html,2026-04-16T14:33:50Z
,botic van de zandschulp,https://www.tennisabstract.com/cgi-bin/player.cgi?p=122298/Botic-Van-De-Zandschulp,https://www.tennisabstract.com/current/2026ATPMunich.html,2026-04-16T14:33:50Z
,marc andrea huesler,https://www.tennisabstract.com/cgi-bin/player.cgi?p=144817/Marc-Andrea-Huesler,https://www.tennisabstract.com/current/2026ATPMunich.html,2026-04-16T14:33:50Z
,sumit nagal,https://www.tennisabstract.com/cgi-bin/player.cgi?p=111576/Sumit-Nagal,https://www.tennisabstract.com/current/2026ATPMunich.html,2026-04-16T14:33:50Z
,francisco cerundolo,https://www.tennisabstract.com/cgi-bin/player.cgi?p=202103/Francisco-Cerundolo,https://www.tennisabstract.com/current/2026ATPMunich.html,2026-04-16T14:33:50Z
,flavio cobolli,https://www.tennisabstract.com/cgi-bin/player.cgi?p=207925/Flavio-Cobolli,https://www.tennisabstract.com/current/2026ATPMunich.html,2026-04-16T14:33:50Z
,diego dedura palomero,https://www.tennisabstract.com/cgi-bin/player.cgi?p=212309/Diego-Dedura-Palomero,https://www.tennisabstract.com/current/2026ATPMunich.html,2026-04-16T14:33:50Z
,marko topo,https://www.tennisabstract.com/cgi-bin/player.cgi?p=209916/Marko-Topo,https://www.tennisabstract.com/current/2026ATPMunich.html,2026-04-16T14:33:50Z
,justin engel,https://www.tennisabstract.com/cgi-bin/player.cgi?p=211514/Justin-Engel,https://www.tennisabstract.com/current/2026ATPMunich.html,2026-04-16T14:33:50Z
,vit kopriva,https://www.tennisabstract.com/cgi-bin/player.cgi?p=200240/Vit-Kopriva,https://www.tennisabstract.com/current/2026ATPMunich.html,2026-04-16T14:33:50Z
,luciano darderi,https://www.tennisabstract.com/cgi-bin/player.cgi?p=209260/Luciano-Darderi,https://www.tennisabstract.com/current/2026ATPMunich.html,2026-04-16T14:33:50Z
,tallon griekspoor,https://www.tennisabstract.com/cgi-bin/player.cgi?p=134868/Tallon-Griekspoor,https://www.tennisabstract.com/current/2026ATPMunich.html,2026-04-16T14:33:50Z
,denis shapovalov,https://www.tennisabstract.com/cgi-bin/player.cgi?p=133430/Denis-Shapovalov,https://www.tennisabstract.com/current/2026ATPMunich.html,2026-04-16T14:33:50Z
,fabian marozsan,https://www.tennisabstract.com/cgi-bin/player.cgi?p=206681/Fabian-Marozsan,https://www.tennisabstract.com/current/2026ATPMunich.html,2026-04-16T14:33:50Z
,stefanos tsitsipas,https://www.tennisabstract.com/cgi-bin/player.cgi?p=126774/Stefanos-Tsitsipas,https://www.tennisabstract.com/current/2026ATPMunich.html,2026-04-16T14:33:50Z
,marin cilic,https://www.tennisabstract.com/cgi-bin/player.cgi?p=105227/Marin-Cilic,https://www.tennisabstract.com/current/2026ATPMunich.html,2026-04-16T14:33:50Z
,daniel altmaier,https://www.tennisabstract.com/cgi-bin/player.cgi?p=127157/Daniel-Altmaier,https://www.tennisabstract.com/current/2026ATPMunich.html,2026-04-16T14:33:50Z
,alex molcan,https://www.tennisabstract.com/cgi-bin/player.cgi?p=144684/Alex-Molcan,https://www.tennisabstract.com/current/2026ATPMunich.html,2026-04-16T14:33:50Z
,alexander bublik,https://www.tennisabstract.com/cgi-bin/player.cgi?p=122330/Alexander-Bublik,https://www.tennisabstract.com/current/2026ATPMunich.html,2026-04-16T14:33:50Z
,alexander zverev,https://www.tennisabstract.com/cgi-bin/player.cgi?p=100644/Alexander-Zverev,https://www.tennisabstract.com/current/2026ATPMunich.html,2026-04-16T14:33:50Z
Zhizhen Zhang,zhizhen zhang,https://www.tennisabstract.com/cgi-bin/player.cgi?p=111190/Zhizhen-Zhang,https://www.tennisabstract.com/current/2026ATPMunich.html,2026-04-16T14:33:50Z
,henry patten,https://www.tennisabstract.com/cgi-bin/player.cgi?p=209851/Henry-Patten,https://www.tennisabstract.com/current/2026ATPBarcelona.html,2026-04-16T14:33:50Z
,marc polmans,https://www.tennisabstract.com/cgi-bin/player.cgi?p=117360/Marc-Polmans,https://www.tennisabstract.com/current/2026ATPBarcelona.html,2026-04-16T14:33:50Z
,francesco maestrelli,https://www.tennisabstract.com/cgi-bin/player.cgi?p=208353/Francesco-Maestrelli,https://www.tennisabstract.com/current/2026ATPBarcelona.html,2026-04-16T14:33:50Z
,giulio zeppieri,https://www.tennisabstract.com/cgi-bin/player.cgi?p=206748/Giulio-Zeppieri,https://www.tennisabstract.com/current/2026ATPBarcelona.html,2026-04-16T14:33:50Z
,benjamin bonzi,https://www.tennisabstract.com/cgi-bin/player.cgi?p=126127/Benjamin-Bonzi,https://www.tennisabstract.com/current/2026ATPBarcelona.html,2026-04-16T14:33:50Z
,nicolai budkov kjaer,https://www.tennisabstract.com/cgi-bin/player.cgi?p=149282/Nicolai-Budkov-Kjaer,https://www.tennisabstract.com/current/2026ATPBarcelona.html,2026-04-16T14:33:50Z
,pablo carreno busta,https://www.tennisabstract.com/cgi-bin/player.cgi?p=105807/Pablo-Carreno-Busta,https://www.tennisabstract.com/current/2026ATPBarcelona.html,2026-04-16T14:33:50Z
,alejo sanchez quilez,https://www.tennisabstract.com/cgi-bin/player.cgi?p=211639/Alejo-Sanchez-Quilez,https://www.tennisabstract.com/current/2026ATPBarcelona.html,2026-04-16T14:33:50Z
,arthur gea,https://www.tennisabstract.com/cgi-bin/player.cgi?p=210338/Arthur-Gea,https://www.tennisabstract.com/current/2026ATPBarcelona.html,2026-04-16T14:33:50Z
,vilius gaubas,https://www.tennisabstract.com/cgi-bin/player.cgi?p=209147/Vilius-Gaubas,https://www.tennisabstract.com/current/2026ATPBarcelona.html,2026-04-16T14:33:50Z
,matteo arnaldi,https://www.tennisabstract.com/cgi-bin/player.cgi?p=208286/Matteo-Arnaldi,https://www.tennisabstract.com/current/2026ATPBarcelona.html,2026-04-16T14:33:50Z
,aleksandar vukic,https://www.tennisabstract.com/cgi-bin/player.cgi?p=126846/Aleksandar-Vukic,https://www.tennisabstract.com/current/2026ATPBarcelona.html,2026-04-16T14:33:50Z
,max alcala gurri,https://www.tennisabstract.com/cgi-bin/player.cgi?p=208024/Max-Alcala-Gurri,https://www.tennisabstract.com/current/2026ATPBarcelona.html,2026-04-16T14:33:50Z
,constantin frantzen,https://www.tennisabstract.com/cgi-bin/player.cgi?p=200485/Constantin-Frantzen,https://www.tennisabstract.com/current/2026ATPBarcelona.html,2026-04-16T14:33:50Z
,robin haase,https://www.tennisabstract.com/cgi-bin/player.cgi?p=104898/Robin-Haase,https://www.tennisabstract.com/current/2026ATPBarcelona.html,2026-04-16T14:33:50Z
,francisco cabral,https://www.tennisabstract.com/cgi-bin/player.cgi?p=144909/Francisco-Cabral,https://www.tennisabstract.com/current/2026ATPBarcelona.html,2026-04-16T14:33:50Z
,joe salisbury,https://www.tennisabstract.com/cgi-bin/player.cgi?p=110749/Joe-Salisbury,https://www.tennisabstract.com/current/2026ATPBarcelona.html,2026-04-16T14:33:50Z
,christian harrison,https://www.tennisabstract.com/cgi-bin/player.cgi?p=106328/Christian-Harrison,https://www.tennisabstract.com/current/2026ATPBarcelona.html,2026-04-16T14:33:50Z
,neal skupski,https://www.tennisabstract.com/cgi-bin/player.cgi?p=105439/Neal-Skupski,https://www.tennisabstract.com/current/2026ATPBarcelona.html,2026-04-16T14:33:50Z
,marcel granollers,https://www.tennisabstract.com/cgi-bin/player.cgi?p=104719/Marcel-Granollers,https://www.tennisabstract.com/current/2026ATPBarcelona.html,2026-04-16T14:33:50Z
,daniel rincon,https://www.tennisabstract.com/cgi-bin/player.cgi?p=209405/Daniel-Rincon,https://www.tennisabstract.com/current/2026ATPBarcelona.html,2026-04-16T14:33:50Z
,oriol roca batalla,https://www.tennisabstract.com/cgi-bin/player.cgi?p=106177/Oriol-Roca-Batalla,https://www.tennisabstract.com/current/2026ATPBarcelona.html,2026-04-16T14:33:50Z
,austin krajicek,https://www.tennisabstract.com/cgi-bin/player.cgi?p=105572/Austin-Krajicek,https://www.tennisabstract.com/current/2026ATPBarcelona.html,2026-04-16T14:33:50Z
,nikola mektic,https://www.tennisabstract.com/cgi-bin/player.cgi?p=105254/Nikola-Mektic,https://www.tennisabstract.com/current/2026ATPBarcelona.html,2026-04-16T14:33:50Z
,romain arneodo,https://www.tennisabstract.com/cgi-bin/player.cgi?p=106033/Romain-Arneodo,https://www.tennisabstract.com/current/2026ATPBarcelona.html,2026-04-16T14:33:50Z
,harri heliovaara,https://www.tennisabstract.com/cgi-bin/player.cgi?p=105349/Harri-Heliovaara,https://www.tennisabstract.com/current/2026ATPBarcelona.html,2026-04-16T14:33:50Z
Zizou Bergs,zizou bergs,https://www.tennisabstract.com/cgi-bin/player.cgi?p=200267/Zizou-Bergs,https://www.tennisabstract.com/current/2026ATPMunich.html,2026-04-16T14:33:50Z
